ItemCode,TextAr,PatternId,PatternKey,PatternNameAr,SubId,SubKey,SubNameAr,Type,Reverse,TimeLimitSeconds,Weight,CorrectAnswer,Options
I001,أفضل العمل في بيئة منظمة ومخططة مسبقًا,P1,personality_patterns,الأنماط الشخصية,P1_S1,mbti,نمط الشخصية MBTI,MCQ,0,45,1,A,نعم، دائماً|لا، نادراً|أحياناً|لا أعلم
I002,أستمد طاقتي من التفاعل مع الآخرين,P1,personality_patterns,الأنماط الشخصية,P1_S1,mbti,نمط الشخصية MBTI,MCQ,0,45,1,B,لا، نادراً|نعم، دائماً|أحياناً|لا أعلم
I003,أعتمد على الحقائق والتجارب الملموسة في اتخاذ قراراتي,P1,personality_patterns,الأنماط الشخصية,P1_S1,mbti,نمط الشخصية MBTI,MCQ,0,45,1,A,نعم، دائماً|لا، نادراً|أحياناً|لا أعلم
I004,أجد صعوبة في الالتزام بالخطط الصارمة,P1,personality_patterns,الأنماط الشخصية,P1_S1,mbti,نمط الشخصية MBTI,MCQ,1,45,1,A,نعم، غالباً|لا، أبداً|أحياناً|لا أعلم
I005,أشعر بالإرهاق من التفاعل الاجتماعي المستمر,P1,personality_patterns,الأنماط الشخصية,P1_S1,mbti,نمط الشخصية MBTI,MCQ,1,45,1,B,لا، أبداً|نعم، غالباً|أحياناً|لا أعلم
I006,أميل إلى اتخاذ قرارات بناءً على المنطق والتحليل الموضوعي,P1,personality_patterns,الأنماط الشخصية,P1_S1,mbti,نمط الشخصية MBTI,LikertAgreement,0,45,1,,
I007,أحب استكشاف الأفكار الجديدة والاحتمالات المختلفة,P1,personality_patterns,الأنماط الشخصية,P1_S1,mbti,نمط الشخصية MBTI,LikertAgreement,0,45,1,,
I008,أفضل الأفكار المجردة على الحقائق الملموسة,P1,personality_patterns,الأنماط الشخصية,P1_S1,mbti,نمط الشخصية MBTI,LikertAgreement,1,45,1,,
I009,أتخذ قراراتي بناءً على مشاعري أكثر من المنطق,P1,personality_patterns,الأنماط الشخصية,P1_S1,mbti,نمط الشخصية MBTI,LikertAgreement,1,45,1,,
I010,أفضل التركيز على الواقع الحالي بدلاً من الاحتمالات المستقبلية,P1,personality_patterns,الأنماط الشخصية,P1_S1,mbti,نمط الشخصية MBTI,LikertAgreement,1,45,1,,
I011,أحب تجربة أشياء جديدة وغير مألوفة,P1,personality_patterns,الأنماط الشخصية,P1_S2,big_five,السمات الخمس الكبرى,MCQ,0,45,1,A,نعم، دائماً|لا، نادراً|أحياناً|لا أعلم
I012,أنجز مهامي بدقة واهتمام بالتفاصيل,P1,personality_patterns,الأنماط الشخصية,P1_S2,big_five,السمات الخمس الكبرى,MCQ,0,45,1,B,لا، نادراً|نعم، دائماً|أحياناً|لا أعلم
I013,أشعر بالراحة عند التواصل مع أشخاص جدد,P1,personality_patterns,الأنماط الشخصية,P1_S2,big_five,السمات الخمس الكبرى,MCQ,0,45,1,A,نعم، دائماً|لا، نادراً|أحياناً|لا أعلم
I014,أفضل الروتين على التجديد والتغيير,P1,personality_patterns,الأنماط الشخصية,P1_S2,big_five,السمات الخمس الكبرى,MCQ,1,45,1,A,نعم، غالباً|لا، أبداً|أحياناً|لا أعلم
I015,أجد صعوبة في إكمال المهام التي بدأتها,P1,personality_patterns,الأنماط الشخصية,P1_S2,big_five,السمات الخمس الكبرى,MCQ,1,45,1,B,لا، أبداً|نعم، غالباً|أحياناً|لا أعلم
I016,أتعاطف بسهولة مع مشاعر الآخرين,P1,personality_patterns,الأنماط الشخصية,P1_S2,big_five,السمات الخمس الكبرى,LikertAgreement,0,45,1,,
I017,أحافظ على هدوئي في المواقف الصعبة,P1,personality_patterns,الأنماط الشخصية,P1_S2,big_five,السمات الخمس الكبرى,LikertAgreement,0,45,1,,
I018,أفضل قضاء الوقت بمفردي على التجمعات الاجتماعية,P1,personality_patterns,الأنماط الشخصية,P1_S2,big_five,السمات الخمس الكبرى,LikertAgreement,1,45,1,,
I019,أركز على مصلحتي الشخصية أكثر من مصلحة الآخرين,P1,personality_patterns,الأنماط الشخصية,P1_S2,big_five,السمات الخمس الكبرى,LikertAgreement,1,45,1,,
I020,أشعر بالتوتر والقلق بسهولة في المواقف المختلفة,P1,personality_patterns,الأنماط الشخصية,P1_S2,big_five,السمات الخمس الكبرى,LikertAgreement,1,45,1,,
I021,أتعلم بشكل أفضل من خلال المشاهدة والرسوم التوضيحية,P1,personality_patterns,الأنماط الشخصية,P1_S3,learning_style,نمط التعلم,MCQ,0,45,1,A,نعم، دائماً|لا، نادراً|أحياناً|لا أعلم
I022,أفضل التعلم من خلال الممارسة العملية والتجريب,P1,personality_patterns,الأنماط الشخصية,P1_S3,learning_style,نمط التعلم,MCQ,0,45,1,B,لا، نادراً|نعم، دائماً|أحياناً|لا أعلم
I023,أستوعب المعلومات بشكل أفضل عند الاستماع والمناقشة,P1,personality_patterns,الأنماط الشخصية,P1_S3,learning_style,نمط التعلم,MCQ,0,45,1,A,نعم، دائماً|لا، نادراً|أحياناً|لا أعلم
I024,أجد صعوبة في التعلم من خلال القراءة فقط,P1,personality_patterns,الأنماط الشخصية,P1_S3,learning_style,نمط التعلم,MCQ,1,45,1,A,نعم، غالباً|لا، أبداً|أحياناً|لا أعلم
I025,لا أفضل التعلم النظري دون تطبيق عملي,P1,personality_patterns,الأنماط الشخصية,P1_S3,learning_style,نمط التعلم,MCQ,1,45,1,B,لا، أبداً|نعم، غالباً|أحياناً|لا أعلم
I026,أحتاج إلى تدوين الملاحظات لفهم المعلومات الجديدة,P1,personality_patterns,الأنماط الشخصية,P1_S3,learning_style,نمط التعلم,LikertAgreement,0,45,1,,
I027,أتعلم بفعالية عند العمل ضمن مجموعات,P1,personality_patterns,الأنماط الشخصية,P1_S3,learning_style,نمط التعلم,LikertAgreement,0,45,1,,
I028,أشعر بالملل من المحاضرات الطويلة,P1,personality_patterns,الأنماط الشخصية,P1_S3,learning_style,نمط التعلم,LikertAgreement,1,45,1,,
I029,أستطيع التعلم دون الحاجة لكتابة الملاحظات,P1,personality_patterns,الأنماط الشخصية,P1_S3,learning_style,نمط التعلم,LikertAgreement,1,45,1,,
I030,أفضل التعلم الذاتي على التعلم الجماعي,P1,personality_patterns,الأنماط الشخصية,P1_S3,learning_style,نمط التعلم,LikertAgreement,1,45,1,,
I031,أمتلك قدرة عالية على التعبير اللغوي والكتابي,P2,cognitive_mental,القدرات المعرفية والعقلية,P2_S1,multiple_intelligences,الذكاءات المتعددة,MCQ,0,45,1,A,نعم، دائماً|لا، نادراً|أحياناً|لا أعلم
I032,أستطيع حل المسائل الرياضية والمنطقية بسهولة,P2,cognitive_mental,القدرات المعرفية والعقلية,P2_S1,multiple_intelligences,الذكاءات المتعددة,MCQ,0,45,1,B,لا، نادراً|نعم، دائماً|أحياناً|لا أعلم
I033,أتخيل الأشياء والأماكن بوضوح في ذهني,P2,cognitive_mental,القدرات المعرفية والعقلية,P2_S1,multiple_intelligences,الذكاءات المتعددة,MCQ,0,45,1,A,نعم، دائماً|لا، نادراً|أحياناً|لا أعلم
I034,أجد صعوبة في التعبير عن أفكاري كتابيًا,P2,cognitive_mental,القدرات المعرفية والعقلية,P2_S1,multiple_intelligences,الذكاءات المتعددة,MCQ,1,45,1,A,نعم، غالباً|لا، أبداً|أحياناً|لا أعلم
I035,أواجه تحديات في المسائل التي تتطلب تفكيرًا منطقيًا,P2,cognitive_mental,القدرات المعرفية والعقلية,P2_S1,multiple_intelligences,الذكاءات المتعددة,MCQ,1,45,1,B,لا، أبداً|نعم، غالباً|أحياناً|لا أعلم
I036,أتحرك بتناسق وأجيد الأنشطة الحركية,P2,cognitive_mental,القدرات المعرفية والعقلية,P2_S1,multiple_intelligences,الذكاءات المتعددة,LikertAgreement,0,45,1,,
I037,أفهم مشاعر الآخرين وأتواصل معهم بفعالية,P2,cognitive_mental,القدرات المعرفية والعقلية,P2_S1,multiple_intelligences,الذكاءات المتعددة,LikertAgreement,0,45,1,,
I038,أجد صعوبة في تخيل الأشياء المكانية,P2,cognitive_mental,القدرات المعرفية والعقلية,P2_S1,multiple_intelligences,الذكاءات المتعددة,LikertAgreement,1,45,1,,
I039,لا أجيد الأنشطة التي تتطلب تنسيقًا حركيًا,P2,cognitive_mental,القدرات المعرفية والعقلية,P2_S1,multiple_intelligences,الذكاءات المتعددة,LikertAgreement,1,45,1,,
I040,أجد صعوبة في فهم مشاعر الآخرين,P2,cognitive_mental,القدرات المعرفية والعقلية,P2_S1,multiple_intelligences,الذكاءات المتعددة,LikertAgreement,1,45,1,,
I041,أتذكر التفاصيل الدقيقة للأحداث الماضية,P2,cognitive_mental,القدرات المعرفية والعقلية,P2_S2,memory,الذاكرة,MCQ,0,45,1,A,نعم، دائماً|لا، نادراً|أحياناً|لا أعلم
I042,أستطيع حفظ المعلومات الجديدة بسرعة,P2,cognitive_mental,القدرات المعرفية والعقلية,P2_S2,memory,الذاكرة,MCQ,0,45,1,B,لا، نادراً|نعم، دائماً|أحياناً|لا أعلم
I043,أتذكر الأسماء والوجوه بسهولة,P2,cognitive_mental,القدرات المعرفية والعقلية,P2_S2,memory,الذاكرة,MCQ,0,45,1,A,نعم، دائماً|لا، نادراً|أحياناً|لا أعلم
I044,أنسى التفاصيل بسرعة بعد معرفتها,P2,cognitive_mental,القدرات المعرفية والعقلية,P2_S2,memory,الذاكرة,MCQ,1,45,1,A,نعم، غالباً|لا، أبداً|أحياناً|لا أعلم
I045,أحتاج لتكرار المعلومات عدة مرات لحفظها,P2,cognitive_mental,القدرات المعرفية والعقلية,P2_S2,memory,الذاكرة,MCQ,1,45,1,B,لا، أبداً|نعم، غالباً|أحياناً|لا أعلم
I046,أستطيع استرجاع المعلومات عند الحاجة إليها,P2,cognitive_mental,القدرات المعرفية والعقلية,P2_S2,memory,الذاكرة,LikertAgreement,0,45,1,,
I047,أحتفظ بالذكريات لفترات طويلة,P2,cognitive_mental,القدرات المعرفية والعقلية,P2_S2,memory,الذاكرة,LikertAgreement,0,45,1,,
I048,أجد صعوبة في تذكر أسماء الأشخاص,P2,cognitive_mental,القدرات المعرفية والعقلية,P2_S2,memory,الذاكرة,LikertAgreement,1,45,1,,
I049,أواجه صعوبة في استرجاع المعلومات في الوقت المناسب,P2,cognitive_mental,القدرات المعرفية والعقلية,P2_S2,memory,الذاكرة,LikertAgreement,1,45,1,,
I050,تتلاشى ذكرياتي بسرعة مع مرور الوقت,P2,cognitive_mental,القدرات المعرفية والعقلية,P2_S2,memory,الذاكرة,LikertAgreement,1,45,1,,
I051,أستطيع التركيز على مهمة واحدة لفترات طويلة,P2,cognitive_mental,القدرات المعرفية والعقلية,P2_S3,attention,الانتباه والتركيز,MCQ,0,45,1,A,نعم، دائماً|لا، نادراً|أحياناً|لا أعلم
I052,أحافظ على انتباهي حتى في البيئات المشتتة,P2,cognitive_mental,القدرات المعرفية والعقلية,P2_S3,attention,الانتباه والتركيز,MCQ,0,45,1,B,لا، نادراً|نعم، دائماً|أحياناً|لا أعلم
I053,أنتبه للتفاصيل الدقيقة في عملي,P2,cognitive_mental,القدرات المعرفية والعقلية,P2_S3,attention,الانتباه والتركيز,MCQ,0,45,1,A,نعم، دائماً|لا، نادراً|أحياناً|لا أعلم
I054,أشعر بالتشتت بسهولة عند العمل على مهمة واحدة,P2,cognitive_mental,القدرات المعرفية والعقلية,P2_S3,attention,الانتباه والتركيز,MCQ,1,45,1,A,نعم، غالباً|لا، أبداً|أحياناً|لا أعلم
I055,تؤثر المشتتات الخارجية على تركيزي بشكل كبير,P2,cognitive_mental,القدرات المعرفية والعقلية,P2_S3,attention,الانتباه والتركيز,MCQ,1,45,1,B,لا، أبداً|نعم، غالباً|أحياناً|لا أعلم
I056,أستطيع التركيز على عدة مهام في نفس الوقت,P2,cognitive_mental,القدرات المعرفية والعقلية,P2_S3,attention,الانتباه والتركيز,LikertAgreement,0,45,1,,
I057,أعود بسهولة للتركيز بعد المقاطعة,P2,cognitive_mental,القدرات المعرفية والعقلية,P2_S3,attention,الانتباه والتركيز,LikertAgreement,0,45,1,,
I058,أغفل التفاصيل الصغيرة في المهام التي أقوم بها,P2,cognitive_mental,القدرات المعرفية والعقلية,P2_S3,attention,الانتباه والتركيز,LikertAgreement,1,45,1,,
I059,أجد صعوبة في التعامل مع عدة مهام في وقت واحد,P2,cognitive_mental,القدرات المعرفية والعقلية,P2_S3,attention,الانتباه والتركيز,LikertAgreement,1,45,1,,
I060,أحتاج وقتًا طويلاً لاستعادة تركيزي بعد المقاطعة,P2,cognitive_mental,القدرات المعرفية والعقلية,P2_S3,attention,الانتباه والتركيز,LikertAgreement,1,45,1,,
I061,أقترح أفكارًا إبداعية وغير تقليدية,P2,cognitive_mental,القدرات المعرفية والعقلية,P2_S4,creativity,الإبداع والابتكار,MCQ,0,45,1,A,نعم، دائماً|لا، نادراً|أحياناً|لا أعلم
I062,أستمتع بحل المشكلات بطرق مبتكرة,P2,cognitive_mental,القدرات المعرفية والعقلية,P2_S4,creativity,الإبداع والابتكار,MCQ,0,45,1,B,لا، نادراً|نعم، دائماً|أحياناً|لا أعلم
I063,أرى العلاقات والأنماط التي لا يراها الآخرون,P2,cognitive_mental,القدرات المعرفية والعقلية,P2_S4,creativity,الإبداع والابتكار,MCQ,0,45,1,A,نعم، دائماً|لا، نادراً|أحياناً|لا أعلم
I064,أفضل اتباع الطرق التقليدية المجربة,P2,cognitive_mental,القدرات المعرفية والعقلية,P2_S4,creativity,الإبداع والابتكار,MCQ,1,45,1,A,نعم، غالباً|لا، أبداً|أحياناً|لا أعلم
I065,أجد صعوبة في ابتكار حلول جديدة للمشكلات,P2,cognitive_mental,القدرات المعرفية والعقلية,P2_S4,creativity,الإبداع والابتكار,MCQ,1,45,1,B,لا، أبداً|نعم، غالباً|أحياناً|لا أعلم
I066,أتخيل حلولاً متعددة للمشكلة الواحدة,P2,cognitive_mental,القدرات المعرفية والعقلية,P2_S4,creativity,الإبداع والابتكار,LikertAgreement,0,45,1,,
I067,أحب التفكير خارج الصندوق,P2,cognitive_mental,القدرات المعرفية والعقلية,P2_S4,creativity,الإبداع والابتكار,LikertAgreement,0,45,1,,
I068,أركز على الحقائق الواضحة دون البحث عن أنماط,P2,cognitive_mental,القدرات المعرفية والعقلية,P2_S4,creativity,الإبداع والابتكار,LikertAgreement,1,45,1,,
I069,أفضل التقيد بحل واحد مثبت للمشكلات,P2,cognitive_mental,القدرات المعرفية والعقلية,P2_S4,creativity,الإبداع والابتكار,LikertAgreement,1,45,1,,
I070,أجد صعوبة في التفكير الإبداعي,P2,cognitive_mental,القدرات المعرفية والعقلية,P2_S4,creativity,الإبداع والابتكار,LikertAgreement,1,45,1,,
I071,أتعامل مع المواقف الضاغطة بهدوء وفعالية,P3,psychological_patterns,الأنماط النفسية,P3_S1,stress_management,إدارة التوتر,MCQ,0,45,1,A,نعم، دائماً|لا، نادراً|أحياناً|لا أعلم
I072,أستخدم استراتيجيات محددة لإدارة التوتر,P3,psychological_patterns,الأنماط النفسية,P3_S1,stress_management,إدارة التوتر,MCQ,0,45,1,B,لا، نادراً|نعم، دائماً|أحياناً|لا أعلم
I073,أحافظ على توازني النفسي في ظل الضغوط,P3,psychological_patterns,الأنماط النفسية,P3_S1,stress_management,إدارة التوتر,MCQ,0,45,1,A,نعم، دائماً|لا، نادراً|أحياناً|لا أعلم
I074,أشعر بالإرهاق بسرعة عند مواجهة الضغوط,P3,psychological_patterns,الأنماط النفسية,P3_S1,stress_management,إدارة التوتر,MCQ,1,45,1,A,نعم، غالباً|لا، أبداً|أحياناً|لا أعلم
I075,لا أملك استراتيجيات فعالة لإدارة التوتر,P3,psychological_patterns,الأنماط النفسية,P3_S1,stress_management,إدارة التوتر,MCQ,1,45,1,B,لا، أبداً|نعم، غالباً|أحياناً|لا أعلم
I076,أتعرف على علامات التوتر مبكرًا وأتصرف,P3,psychological_patterns,الأنماط النفسية,P3_S1,stress_management,إدارة التوتر,LikertAgreement,0,45,1,,
I077,أستطيع الأداء الجيد حتى تحت الضغط,P3,psychological_patterns,الأنماط النفسية,P3_S1,stress_management,إدارة التوتر,LikertAgreement,0,45,1,,
I078,يؤثر التوتر على أدائي وحياتي اليومية,P3,psychological_patterns,الأنماط النفسية,P3_S1,stress_management,إدارة التوتر,LikertAgreement,1,45,1,,
I079,أتجاهل علامات التوتر حتى تصبح شديدة,P3,psychological_patterns,الأنماط النفسية,P3_S1,stress_management,إدارة التوتر,LikertAgreement,1,45,1,,
I080,ينخفض أدائي بشكل ملحوظ تحت الضغط,P3,psychological_patterns,الأنماط النفسية,P3_S1,stress_management,إدارة التوتر,LikertAgreement,1,45,1,,
I081,أشعر بالهدوء والاطمئنان في معظم المواقف,P3,psychological_patterns,الأنماط النفسية,P3_S2,anxiety,القلق,MCQ,0,45,1,A,نعم، دائماً|لا، نادراً|أحياناً|لا أعلم
I082,أتحكم في مخاوفي ولا أدعها تسيطر علي,P3,psychological_patterns,الأنماط النفسية,P3_S2,anxiety,القلق,MCQ,0,45,1,B,لا، نادراً|نعم، دائماً|أحياناً|لا أعلم
I083,أواجه المواقف الجديدة دون قلق مفرط,P3,psychological_patterns,الأنماط النفسية,P3_S2,anxiety,القلق,MCQ,0,45,1,A,نعم، دائماً|لا، نادراً|أحياناً|لا أعلم
I084,أشعر بالقلق والتوتر في معظم الأوقات,P3,psychological_patterns,الأنماط النفسية,P3_S2,anxiety,القلق,MCQ,1,45,1,A,نعم، غالباً|لا، أبداً|أحياناً|لا أعلم
I085,تسيطر علي المخاوف وتؤثر على قراراتي,P3,psychological_patterns,الأنماط النفسية,P3_S2,anxiety,القلق,MCQ,1,45,1,B,لا، أبداً|نعم، غالباً|أحياناً|لا أعلم
I086,أنام بشكل جيد ولا أقلق بشأن المستقبل,P3,psychological_patterns,الأنماط النفسية,P3_S2,anxiety,القلق,LikertAgreement,0,45,1,,
I087,أشعر بالثقة عند مواجهة التحديات,P3,psychological_patterns,الأنماط النفسية,P3_S2,anxiety,القلق,LikertAgreement,0,45,1,,
I088,أشعر بالقلق الشديد عند مواجهة مواقف جديدة,P3,psychological_patterns,الأنماط النفسية,P3_S2,anxiety,القلق,LikertAgreement,1,45,1,,
I089,أعاني من صعوبة النوم بسبب القلق,P3,psychological_patterns,الأنماط النفسية,P3_S2,anxiety,القلق,LikertAgreement,1,45,1,,
I090,أفتقد الثقة عند مواجهة التحديات,P3,psychological_patterns,الأنماط النفسية,P3_S2,anxiety,القلق,LikertAgreement,1,45,1,,
I091,أتعافى بسرعة من الفشل والإحباطات,P3,psychological_patterns,الأنماط النفسية,P3_S3,resilience,المرونة النفسية,MCQ,0,45,1,A,نعم، دائماً|لا، نادراً|أحياناً|لا أعلم
I092,أتعلم من الصعوبات وأصبح أقوى,P3,psychological_patterns,الأنماط النفسية,P3_S3,resilience,المرونة النفسية,MCQ,0,45,1,B,لا، نادراً|نعم، دائماً|أحياناً|لا أعلم
I093,أحافظ على تفاؤلي حتى في الأوقات الصعبة,P3,psychological_patterns,الأنماط النفسية,P3_S3,resilience,المرونة النفسية,MCQ,0,45,1,A,نعم، دائماً|لا، نادراً|أحياناً|لا أعلم
I094,أحتاج وقتًا طويلاً للتعافي من الفشل,P3,psychological_patterns,الأنماط النفسية,P3_S3,resilience,المرونة النفسية,MCQ,1,45,1,A,نعم، غالباً|لا، أبداً|أحياناً|لا أعلم
I095,تضعفني الصعوبات ولا أتعلم منها,P3,psychological_patterns,الأنماط النفسية,P3_S3,resilience,المرونة النفسية,MCQ,1,45,1,B,لا، أبداً|نعم، غالباً|أحياناً|لا أعلم
I096,أتكيف بسهولة مع التغييرات غير المتوقعة,P3,psychological_patterns,الأنماط النفسية,P3_S3,resilience,المرونة النفسية,LikertAgreement,0,45,1,,
I097,أثق بقدرتي على التغلب على العقبات,P3,psychological_patterns,الأنماط النفسية,P3_S3,resilience,المرونة النفسية,LikertAgreement,0,45,1,,
I098,أفقد الأمل بسهولة في الأوقات الصعبة,P3,psychological_patterns,الأنماط النفسية,P3_S3,resilience,المرونة النفسية,LikertAgreement,1,45,1,,
I099,أجد صعوبة كبيرة في التكيف مع التغييرات,P3,psychological_patterns,الأنماط النفسية,P3_S3,resilience,المرونة النفسية,LikertAgreement,1,45,1,,
I100,أشك في قدرتي على التغلب على المشكلات,P3,psychological_patterns,الأنماط النفسية,P3_S3,resilience,المرونة النفسية,LikertAgreement,1,45,1,,
I101,أفهم مشاعري وأسبابها بوضوح,P3,psychological_patterns,الأنماط النفسية,P3_S4,emotional_intelligence,الذكاء العاطفي,MCQ,0,45,1,A,نعم، دائماً|لا، نادراً|أحياناً|لا أعلم
I102,أتحكم في انفعالاتي في المواقف الصعبة,P3,psychological_patterns,الأنماط النفسية,P3_S4,emotional_intelligence,الذكاء العاطفي,MCQ,0,45,1,B,لا، نادراً|نعم، دائماً|أحياناً|لا أعلم
I103,أتعاطف مع مشاعر الآخرين وأفهمها,P3,psychological_patterns,الأنماط النفسية,P3_S4,emotional_intelligence,الذكاء العاطفي,MCQ,0,45,1,A,نعم، دائماً|لا، نادراً|أحياناً|لا أعلم
I104,أجد صعوبة في فهم مشاعري الخاصة,P3,psychological_patterns,الأنماط النفسية,P3_S4,emotional_intelligence,الذكاء العاطفي,MCQ,1,45,1,A,نعم، غالباً|لا، أبداً|أحياناً|لا أعلم
I105,أفقد السيطرة على انفعالاتي بسهولة,P3,psychological_patterns,الأنماط النفسية,P3_S4,emotional_intelligence,الذكاء العاطفي,MCQ,1,45,1,B,لا، أبداً|نعم، غالباً|أحياناً|لا أعلم
I106,أستطيع قراءة لغة الجسد والإشارات غير اللفظية,P3,psychological_patterns,الأنماط النفسية,P3_S4,emotional_intelligence,الذكاء العاطفي,LikertAgreement,0,45,1,,
I107,أستخدم مشاعري بشكل إيجابي لتحفيز نفسي,P3,psychological_patterns,الأنماط النفسية,P3_S4,emotional_intelligence,الذكاء العاطفي,LikertAgreement,0,45,1,,
I108,أتجاهل مشاعر الآخرين في كثير من الأحيان,P3,psychological_patterns,الأنماط النفسية,P3_S4,emotional_intelligence,الذكاء العاطفي,LikertAgreement,1,45,1,,
I109,أجد صعوبة في فهم لغة الجسد,P3,psychological_patterns,الأنماط النفسية,P3_S4,emotional_intelligence,الذكاء العاطفي,LikertAgreement,1,45,1,,
I110,تعيقني مشاعري عن تحقيق أهدافي,P3,psychological_patterns,الأنماط النفسية,P3_S4,emotional_intelligence,الذكاء العاطفي,LikertAgreement,1,45,1,,
I111,أتكيف بسرعة مع البيئات والمواقف الجديدة,P4,behavioral_patterns,الأنماط السلوكية,P4_S1,adaptation,التكيف,MCQ,0,45,1,A,نعم، دائماً|لا، نادراً|أحياناً|لا أعلم
I112,أتقبل التغيير وأراه فرصة للنمو,P4,behavioral_patterns,الأنماط السلوكية,P4_S1,adaptation,التكيف,MCQ,0,45,1,B,لا، نادراً|نعم، دائماً|أحياناً|لا أعلم
I113,أستطيع تعديل أسلوبي بما يناسب الموقف,P4,behavioral_patterns,الأنماط السلوكية,P4_S1,adaptation,التكيف,MCQ,0,45,1,A,نعم، دائماً|لا، نادراً|أحياناً|لا أعلم
I114,أجد صعوبة في التأقلم مع البيئات الجديدة,P4,behavioral_patterns,الأنماط السلوكية,P4_S1,adaptation,التكيف,MCQ,1,45,1,A,نعم، غالباً|لا، أبداً|أحياناً|لا أعلم
I115,أقاوم التغيير وأفضل الثبات,P4,behavioral_patterns,الأنماط السلوكية,P4_S1,adaptation,التكيف,MCQ,1,45,1,B,لا، أبداً|نعم، غالباً|أحياناً|لا أعلم
I116,أتعامل مع الغموض والعدم اليقين بمرونة,P4,behavioral_patterns,الأنماط السلوكية,P4_S1,adaptation,التكيف,LikertAgreement,0,45,1,,
I117,أتعلم من التجارب الجديدة بسرعة,P4,behavioral_patterns,الأنماط السلوكية,P4_S1,adaptation,التكيف,LikertAgreement,0,45,1,,
I118,أواجه صعوبة في تغيير أسلوبي,P4,behavioral_patterns,الأنماط السلوكية,P4_S1,adaptation,التكيف,LikertAgreement,1,45,1,,
I119,أشعر بعدم الراحة في المواقف الغامضة,P4,behavioral_patterns,الأنماط السلوكية,P4_S1,adaptation,التكيف,LikertAgreement,1,45,1,,
I120,أحتاج وقتًا طويلاً لأستفيد من التجارب الجديدة,P4,behavioral_patterns,الأنماط السلوكية,P4_S1,adaptation,التكيف,LikertAgreement,1,45,1,,
I121,أستطيع إقناع الآخرين بأفكاري ووجهات نظري,P4,behavioral_patterns,الأنماط السلوكية,P4_S2,influence_leadership,القدرة على التأثير والقيادة,MCQ,0,45,1,A,نعم، دائماً|لا، نادراً|أحياناً|لا أعلم
I122,أقود الفرق بفعالية نحو تحقيق الأهداف,P4,behavioral_patterns,الأنماط السلوكية,P4_S2,influence_leadership,القدرة على التأثير والقيادة,MCQ,0,45,1,B,لا، نادراً|نعم، دائماً|أحياناً|لا أعلم
I123,ألهم الآخرين للعمل بحماس وتفانٍ,P4,behavioral_patterns,الأنماط السلوكية,P4_S2,influence_leadership,القدرة على التأثير والقيادة,MCQ,0,45,1,A,نعم، دائماً|لا، نادراً|أحياناً|لا أعلم
I124,أجد صعوبة في إقناع الآخرين بوجهة نظري,P4,behavioral_patterns,الأنماط السلوكية,P4_S2,influence_leadership,القدرة على التأثير والقيادة,MCQ,1,45,1,A,نعم، غالباً|لا، أبداً|أحياناً|لا أعلم
I125,أفضل أن يقود غيري المشاريع والفرق,P4,behavioral_patterns,الأنماط السلوكية,P4_S2,influence_leadership,القدرة على التأثير والقيادة,MCQ,1,45,1,B,لا، أبداً|نعم، غالباً|أحياناً|لا أعلم
I126,أتخذ المبادرة في المواقف التي تتطلب قيادة,P4,behavioral_patterns,الأنماط السلوكية,P4_S2,influence_leadership,القدرة على التأثير والقيادة,LikertAgreement,0,45,1,,
I127,أؤثر إيجابيًا على سلوك وأداء الآخرين,P4,behavioral_patterns,الأنماط السلوكية,P4_S2,influence_leadership,القدرة على التأثير والقيادة,LikertAgreement,0,45,1,,
I128,أفتقد القدرة على تحفيز الآخرين,P4,behavioral_patterns,الأنماط السلوكية,P4_S2,influence_leadership,القدرة على التأثير والقيادة,LikertAgreement,1,45,1,,
I129,أتجنب المواقف التي تتطلب قيادة,P4,behavioral_patterns,الأنماط السلوكية,P4_S2,influence_leadership,القدرة على التأثير والقيادة,LikertAgreement,1,45,1,,
I130,لا أرى تأثيرًا واضحًا لي على الآخرين,P4,behavioral_patterns,الأنماط السلوكية,P4_S2,influence_leadership,القدرة على التأثير والقيادة,LikertAgreement,1,45,1,,
I131,أتحكم في غضبي وأعبر عنه بطريقة بناءة,P4,behavioral_patterns,الأنماط السلوكية,P4_S3,anger_control,ضبط الانفعالات والغضب,MCQ,0,45,1,A,نعم، دائماً|لا، نادراً|أحياناً|لا أعلم
I132,أحافظ على هدوئي حتى في المواقف المحبطة,P4,behavioral_patterns,الأنماط السلوكية,P4_S3,anger_control,ضبط الانفعالات والغضب,MCQ,0,45,1,B,لا، نادراً|نعم، دائماً|أحياناً|لا أعلم
I133,أفكر قبل أن أتصرف عندما أشعر بالغضب,P4,behavioral_patterns,الأنماط السلوكية,P4_S3,anger_control,ضبط الانفعالات والغضب,MCQ,0,45,1,A,نعم، دائماً|لا، نادراً|أحياناً|لا أعلم
I134,أفقد السيطرة على غضبي بسهولة,P4,behavioral_patterns,الأنماط السلوكية,P4_S3,anger_control,ضبط الانفعالات والغضب,MCQ,1,45,1,A,نعم، غالباً|لا، أبداً|أحياناً|لا أعلم
I135,أنفعل بسرعة في المواقف المحبطة,P4,behavioral_patterns,الأنماط السلوكية,P4_S3,anger_control,ضبط الانفعالات والغضب,MCQ,1,45,1,B,لا، أبداً|نعم، غالباً|أحياناً|لا أعلم
I136,أستخدم استراتيجيات فعالة لتهدئة نفسي,P4,behavioral_patterns,الأنماط السلوكية,P4_S3,anger_control,ضبط الانفعالات والغضب,LikertAgreement,0,45,1,,
I137,أتعامل مع الانفعالات السلبية بشكل صحي,P4,behavioral_patterns,الأنماط السلوكية,P4_S3,anger_control,ضبط الانفعالات والغضب,LikertAgreement,0,45,1,,
I138,أتصرف باندفاع عندما أغضب دون تفكير,P4,behavioral_patterns,الأنماط السلوكية,P4_S3,anger_control,ضبط الانفعالات والغضب,LikertAgreement,1,45,1,,
I139,أفتقد استراتيجيات فعالة للتحكم في غضبي,P4,behavioral_patterns,الأنماط السلوكية,P4_S3,anger_control,ضبط الانفعالات والغضب,LikertAgreement,1,45,1,,
I140,أعبر عن انفعالاتي بطرق تضر بعلاقاتي,P4,behavioral_patterns,الأنماط السلوكية,P4_S3,anger_control,ضبط الانفعالات والغضب,LikertAgreement,1,45,1,,
I141,أحل المسائل الحسابية بسرعة ودقة,P5,numerical_logical,الأنماط العددية والمنطقية,P5_S1,arithmetic,القدرات الحسابية,MCQ,0,45,1,A,نعم، دائماً|لا، نادراً|أحياناً|لا أعلم
I142,أستمتع بالعمل مع الأرقام والعمليات الرياضية,P5,numerical_logical,الأنماط العددية والمنطقية,P5_S1,arithmetic,القدرات الحسابية,MCQ,0,45,1,B,لا، نادراً|نعم، دائماً|أحياناً|لا أعلم
I143,أستطيع إجراء العمليات الحسابية ذهنيًا,P5,numerical_logical,الأنماط العددية والمنطقية,P5_S1,arithmetic,القدرات الحسابية,MCQ,0,45,1,A,نعم، دائماً|لا، نادراً|أحياناً|لا أعلم
I144,أجد صعوبة في حل المسائل الحسابية,P5,numerical_logical,الأنماط العددية والمنطقية,P5_S1,arithmetic,القدرات الحسابية,MCQ,1,45,1,A,نعم، غالباً|لا، أبداً|أحياناً|لا أعلم
I145,أشعر بعدم الارتياح عند العمل مع الأرقام,P5,numerical_logical,الأنماط العددية والمنطقية,P5_S1,arithmetic,القدرات الحسابية,MCQ,1,45,1,B,لا، أبداً|نعم، غالباً|أحياناً|لا أعلم
I146,أفهم المفاهيم الرياضية والعددية بسهولة,P5,numerical_logical,الأنماط العددية والمنطقية,P5_S1,arithmetic,القدرات الحسابية,LikertAgreement,0,45,1,,
I147,أستخدم الرياضيات في حل المشكلات اليومية,P5,numerical_logical,الأنماط العددية والمنطقية,P5_S1,arithmetic,القدرات الحسابية,LikertAgreement,0,45,1,,
I148,أحتاج لآلة حاسبة حتى للعمليات البسيطة,P5,numerical_logical,الأنماط العددية والمنطقية,P5_S1,arithmetic,القدرات الحسابية,LikertAgreement,1,45,1,,
I149,أواجه صعوبة في فهم المفاهيم الرياضية,P5,numerical_logical,الأنماط العددية والمنطقية,P5_S1,arithmetic,القدرات الحسابية,LikertAgreement,1,45,1,,
I150,أتجنب استخدام الرياضيات في حياتي اليومية,P5,numerical_logical,الأنماط العددية والمنطقية,P5_S1,arithmetic,القدرات الحسابية,LikertAgreement,1,45,1,,
I151,أستنتج النتائج المنطقية من المعلومات المتاحة,P5,numerical_logical,الأنماط العددية والمنطقية,P5_S2,deduction,الاستنتاج المنطقي,MCQ,0,45,1,A,نعم، دائماً|لا، نادراً|أحياناً|لا أعلم
I152,أكتشف الأخطاء في الحجج والبراهين المنطقية,P5,numerical_logical,الأنماط العددية والمنطقية,P5_S2,deduction,الاستنتاج المنطقي,MCQ,0,45,1,B,لا، نادراً|نعم، دائماً|أحياناً|لا أعلم
I153,أفكر بطريقة منهجية ومنطقية,P5,numerical_logical,الأنماط العددية والمنطقية,P5_S2,deduction,الاستنتاج المنطقي,MCQ,0,45,1,A,نعم، دائماً|لا، نادراً|أحياناً|لا أعلم
I154,أجد صعوبة في الوصول لاستنتاجات منطقية,P5,numerical_logical,الأنماط العددية والمنطقية,P5_S2,deduction,الاستنتاج المنطقي,MCQ,1,45,1,A,نعم، غالباً|لا، أبداً|أحياناً|لا أعلم
I155,لا ألاحظ الأخطاء المنطقية في الحجج,P5,numerical_logical,الأنماط العددية والمنطقية,P5_S2,deduction,الاستنتاج المنطقي,MCQ,1,45,1,B,لا، أبداً|نعم، غالباً|أحياناً|لا أعلم
I156,أستطيع تحليل المشكلات المعقدة خطوة بخطوة,P5,numerical_logical,الأنماط العددية والمنطقية,P5_S2,deduction,الاستنتاج المنطقي,LikertAgreement,0,45,1,,
I157,أصل للاستنتاجات الصحيحة من المقدمات,P5,numerical_logical,الأنماط العددية والمنطقية,P5_S2,deduction,الاستنتاج المنطقي,LikertAgreement,0,45,1,,
I158,أفضل الاعتماد على الحدس بدلاً من المنطق,P5,numerical_logical,الأنماط العددية والمنطقية,P5_S2,deduction,الاستنتاج المنطقي,LikertAgreement,1,45,1,,
I159,أشعر بالارتباك عند تحليل المشكلات المعقدة,P5,numerical_logical,الأنماط العددية والمنطقية,P5_S2,deduction,الاستنتاج المنطقي,LikertAgreement,1,45,1,,
I160,أصل لاستنتاجات خاطئة رغم توفر المعلومات,P5,numerical_logical,الأنماط العددية والمنطقية,P5_S2,deduction,الاستنتاج المنطقي,LikertAgreement,1,45,1,,
I161,أكتشف العلاقات والأنماط في البيانات,P5,numerical_logical,الأنماط العددية والمنطقية,P5_S3,correlation,معامل الارتباط والتحليل,MCQ,0,45,1,A,نعم، دائماً|لا، نادراً|أحياناً|لا أعلم
I162,أستطيع تحليل البيانات واستخلاص النتائج,P5,numerical_logical,الأنماط العددية والمنطقية,P5_S3,correlation,معامل الارتباط والتحليل,MCQ,0,45,1,B,لا، نادراً|نعم، دائماً|أحياناً|لا أعلم
I163,أفهم العلاقات السببية بين المتغيرات,P5,numerical_logical,الأنماط العددية والمنطقية,P5_S3,correlation,معامل الارتباط والتحليل,MCQ,0,45,1,A,نعم، دائماً|لا، نادراً|أحياناً|لا أعلم
I164,أجد صعوبة في اكتشاف الأنماط في البيانات,P5,numerical_logical,الأنماط العددية والمنطقية,P5_S3,correlation,معامل الارتباط والتحليل,MCQ,1,45,1,A,نعم، غالباً|لا، أبداً|أحياناً|لا أعلم
I165,لا أستطيع تحليل البيانات بشكل فعال,P5,numerical_logical,الأنماط العددية والمنطقية,P5_S3,correlation,معامل الارتباط والتحليل,MCQ,1,45,1,B,لا، أبداً|نعم، غالباً|أحياناً|لا أعلم
I166,أستخدم التحليل الإحصائي في اتخاذ القرارات,P5,numerical_logical,الأنماط العددية والمنطقية,P5_S3,correlation,معامل الارتباط والتحليل,LikertAgreement,0,45,1,,
I167,أميز بين الارتباط والسببية في البيانات,P5,numerical_logical,الأنماط العددية والمنطقية,P5_S3,correlation,معامل الارتباط والتحليل,LikertAgreement,0,45,1,,
I168,أخلط بين الارتباط والسببية,P5,numerical_logical,الأنماط العددية والمنطقية,P5_S3,correlation,معامل الارتباط والتحليل,LikertAgreement,1,45,1,,
I169,أتجنب استخدام التحليل الإحصائي,P5,numerical_logical,الأنماط العددية والمنطقية,P5_S3,correlation,معامل الارتباط والتحليل,LikertAgreement,1,45,1,,
I170,أفتقد القدرة على استخلاص النتائج من البيانات,P5,numerical_logical,الأنماط العددية والمنطقية,P5_S3,correlation,معامل الارتباط والتحليل,LikertAgreement,1,45,1,,
I171,أتخذ قرارات مدروسة بناءً على المعلومات المتاحة,P6,leadership_organizational,الأنماط القيادية والتنظيمية,P6_S1,decision_making,اتخاذ القرار,MCQ,0,45,1,A,نعم، دائماً|لا، نادراً|أحياناً|لا أعلم
I172,أوازن بين الخيارات المختلفة قبل اتخاذ القرار,P6,leadership_organizational,الأنماط القيادية والتنظيمية,P6_S1,decision_making,اتخاذ القرار,MCQ,0,45,1,B,لا، نادراً|نعم، دائماً|أحياناً|لا أعلم
I173,أتحمل مسؤولية قراراتي ونتائجها,P6,leadership_organizational,الأنماط القيادية والتنظيمية,P6_S1,decision_making,اتخاذ القرار,MCQ,0,45,1,A,نعم، دائماً|لا، نادراً|أحياناً|لا أعلم
I174,أتردد كثيرًا قبل اتخاذ أي قرار,P6,leadership_organizational,الأنماط القيادية والتنظيمية,P6_S1,decision_making,اتخاذ القرار,MCQ,1,45,1,A,نعم، غالباً|لا، أبداً|أحياناً|لا أعلم
I175,أتخذ قرارات متسرعة دون تفكير كافٍ,P6,leadership_organizational,الأنماط القيادية والتنظيمية,P6_S1,decision_making,اتخاذ القرار,MCQ,1,45,1,B,لا، أبداً|نعم، غالباً|أحياناً|لا أعلم
I176,أتخذ القرارات بثقة حتى في ظل عدم اليقين,P6,leadership_organizational,الأنماط القيادية والتنظيمية,P6_S1,decision_making,اتخاذ القرار,LikertAgreement,0,45,1,,
I177,أقيّم نتائج قراراتي وأتعلم منها,P6,leadership_organizational,الأنماط القيادية والتنظيمية,P6_S1,decision_making,اتخاذ القرار,LikertAgreement,0,45,1,,
I178,أتهرب من تحمل مسؤولية قراراتي,P6,leadership_organizational,الأنماط القيادية والتنظيمية,P6_S1,decision_making,اتخاذ القرار,LikertAgreement,1,45,1,,
I179,أشعر بعدم الثقة عند اتخاذ القرارات المهمة,P6,leadership_organizational,الأنماط القيادية والتنظيمية,P6_S1,decision_making,اتخاذ القرار,LikertAgreement,1,45,1,,
I180,لا أقيّم نتائج قراراتي ولا أتعلم منها,P6,leadership_organizational,الأنماط القيادية والتنظيمية,P6_S1,decision_making,اتخاذ القرار,LikertAgreement,1,45,1,,
I181,أفوض المهام للآخرين بناءً على قدراتهم,P6,leadership_organizational,الأنماط القيادية والتنظيمية,P6_S2,delegation,تفويض المهام,MCQ,0,45,1,A,نعم، دائماً|لا، نادراً|أحياناً|لا أعلم
I182,أثق بقدرة فريقي على إنجاز المهام المفوضة,P6,leadership_organizational,الأنماط القيادية والتنظيمية,P6_S2,delegation,تفويض المهام,MCQ,0,45,1,B,لا، نادراً|نعم، دائماً|أحياناً|لا أعلم
I183,أوضح التوقعات والمسؤوليات عند التفويض,P6,leadership_organizational,الأنماط القيادية والتنظيمية,P6_S2,delegation,تفويض المهام,MCQ,0,45,1,A,نعم، دائماً|لا، نادراً|أحياناً|لا أعلم
I184,أجد صعوبة في تفويض المهام للآخرين,P6,leadership_organizational,الأنماط القيادية والتنظيمية,P6_S2,delegation,تفويض المهام,MCQ,1,45,1,A,نعم، غالباً|لا، أبداً|أحياناً|لا أعلم
I185,لا أثق بقدرة الآخرين على إنجاز المهام,P6,leadership_organizational,الأنماط القيادية والتنظيمية,P6_S2,delegation,تفويض المهام,MCQ,1,45,1,B,لا، أبداً|نعم، غالباً|أحياناً|لا أعلم
I186,أتابع المهام المفوضة دون التدخل المفرط,P6,leadership_organizational,الأنماط القيادية والتنظيمية,P6_S2,delegation,تفويض المهام,LikertAgreement,0,45,1,,
I187,أقدم الدعم اللازم للمفوض إليهم,P6,leadership_organizational,الأنماط القيادية والتنظيمية,P6_S2,delegation,تفويض المهام,LikertAgreement,0,45,1,,
I188,أفشل في توضيح التوقعات عند التفويض,P6,leadership_organizational,الأنماط القيادية والتنظيمية,P6_S2,delegation,تفويض المهام,LikertAgreement,1,45,1,,
I189,أتدخل بشكل مفرط في المهام المفوضة,P6,leadership_organizational,الأنماط القيادية والتنظيمية,P6_S2,delegation,تفويض المهام,LikertAgreement,1,45,1,,
I190,لا أقدم الدعم الكافي للمفوض إليهم,P6,leadership_organizational,الأنماط القيادية والتنظيمية,P6_S2,delegation,تفويض المهام,LikertAgreement,1,45,1,,
I191,أطبق نظامًا عادلاً للثواب والعقاب,P6,leadership_organizational,الأنماط القيادية والتنظيمية,P6_S3,reward_accountability,الثواب والعقاب والمساءلة,MCQ,0,45,1,A,نعم، دائماً|لا، نادراً|أحياناً|لا أعلم
I192,أحاسب على النتائج بشكل موضوعي ومنصف,P6,leadership_organizational,الأنماط القيادية والتنظيمية,P6_S3,reward_accountability,الثواب والعقاب والمساءلة,MCQ,0,45,1,B,لا، نادراً|نعم، دائماً|أحياناً|لا أعلم
I193,أكافئ الأداء الممتاز والجهود الاستثنائية,P6,leadership_organizational,الأنماط القيادية والتنظيمية,P6_S3,reward_accountability,الثواب والعقاب والمساءلة,MCQ,0,45,1,A,نعم، دائماً|لا، نادراً|أحياناً|لا أعلم
I194,أفشل في تطبيق نظام عادل للثواب والعقاب,P6,leadership_organizational,الأنماط القيادية والتنظيمية,P6_S3,reward_accountability,الثواب والعقاب والمساءلة,MCQ,1,45,1,A,نعم، غالباً|لا، أبداً|أحياناً|لا أعلم
I195,أحاسب الآخرين بطريقة غير موضوعية,P6,leadership_organizational,الأنماط القيادية والتنظيمية,P6_S3,reward_accountability,الثواب والعقاب والمساءلة,MCQ,1,45,1,B,لا، أبداً|نعم، غالباً|أحياناً|لا أعلم
I196,أواجه الأداء الضعيف بطريقة بناءة,P6,leadership_organizational,الأنماط القيادية والتنظيمية,P6_S3,reward_accountability,الثواب والعقاب والمساءلة,LikertAgreement,0,45,1,,
I197,أوازن بين المساءلة والدعم,P6,leadership_organizational,الأنماط القيادية والتنظيمية,P6_S3,reward_accountability,الثواب والعقاب والمساءلة,LikertAgreement,0,45,1,,
I198,لا أكافئ الأداء الجيد بشكل كافٍ,P6,leadership_organizational,الأنماط القيادية والتنظيمية,P6_S3,reward_accountability,الثواب والعقاب والمساءلة,LikertAgreement,1,45,1,,
I199,أتجنب مواجهة الأداء الضعيف,P6,leadership_organizational,الأنماط القيادية والتنظيمية,P6_S3,reward_accountability,الثواب والعقاب والمساءلة,LikertAgreement,1,45,1,,
I200,أركز على المساءلة دون تقديم الدعم,P6,leadership_organizational,الأنماط القيادية والتنظيمية,P6_S3,reward_accountability,الثواب والعقاب والمساءلة,LikertAgreement,1,45,1,,
I201,أتعامل مع المواقف المهنية المعقدة بفعالية,P7,general_professional_aptitudes,الاستعدادات المهنية العامة,P7_S1,complex_work_situations,التعامل مع مواقف العمل المعقدة,MCQ,0,45,1,A,نعم، دائماً|لا، نادراً|أحياناً|لا أعلم
I202,أحلل المشكلات متعددة الأبعاد بشكل شامل,P7,general_professional_aptitudes,الاستعدادات المهنية العامة,P7_S1,complex_work_situations,التعامل مع مواقف العمل المعقدة,MCQ,0,45,1,B,لا، نادراً|نعم، دائماً|أحياناً|لا أعلم
I203,أدير الأولويات المتضاربة بمهارة,P7,general_professional_aptitudes,الاستعدادات المهنية العامة,P7_S1,complex_work_situations,التعامل مع مواقف العمل المعقدة,MCQ,0,45,1,A,نعم، دائماً|لا، نادراً|أحياناً|لا أعلم
I204,أشعر بالإرباك أمام المواقف المهنية المعقدة,P7,general_professional_aptitudes,الاستعدادات المهنية العامة,P7_S1,complex_work_situations,التعامل مع مواقف العمل المعقدة,MCQ,1,45,1,A,نعم، غالباً|لا، أبداً|أحياناً|لا أعلم
I205,أجد صعوبة في فهم المشكلات متعددة الأبعاد,P7,general_professional_aptitudes,الاستعدادات المهنية العامة,P7_S1,complex_work_situations,التعامل مع مواقف العمل المعقدة,MCQ,1,45,1,B,لا، أبداً|نعم، غالباً|أحياناً|لا أعلم
I206,أتخذ قرارات سليمة في ظل الضغوط والتعقيد,P7,general_professional_aptitudes,الاستعدادات المهنية العامة,P7_S1,complex_work_situations,التعامل مع مواقف العمل المعقدة,LikertAgreement,0,45,1,,
I207,أستفيد من الموارد المتاحة لحل المشكلات المعقدة,P7,general_professional_aptitudes,الاستعدادات المهنية العامة,P7_S1,complex_work_situations,التعامل مع مواقف العمل المعقدة,LikertAgreement,0,45,1,,
I208,لا أستطيع إدارة الأولويات المتضاربة,P7,general_professional_aptitudes,الاستعدادات المهنية العامة,P7_S1,complex_work_situations,التعامل مع مواقف العمل المعقدة,LikertAgreement,1,45,1,,
I209,أتخذ قرارات خاطئة تحت الضغط والتعقيد,P7,general_professional_aptitudes,الاستعدادات المهنية العامة,P7_S1,complex_work_situations,التعامل مع مواقف العمل المعقدة,LikertAgreement,1,45,1,,
I210,أفشل في استخدام الموارد بفعالية لحل المشكلات,P7,general_professional_aptitudes,الاستعدادات المهنية العامة,P7_S1,complex_work_situations,التعامل مع مواقف العمل المعقدة,LikertAgreement,1,45,1,,